{
  "baseline": {
    "accuracy": 0.8666666666666667,
    "auc": 0.8917410714285714
  },
  "augmented": {
    "accuracy": 0.8505747126436781,
    "auc": 0.8988636363636364
  }
}